{
  "accuracy": 0.7399729965848622,
  "perplexity": 5.14960349591165,
  "perplexity_no_punctuation": 10.273393077578826,
  "vocabulary_size": 4542
}