{
  "n=2": {
    "perplexity": 23.208220316352936,
    "perplexity_no_punctuation": 115.20569946157529,
    "accuracy": 0.4411134903640257,
    "vocabulary_size": 1975
  },
  "n=3": {
    "perplexity": 19.08583891586984,
    "perplexity_no_punctuation": 78.41668168030989,
    "accuracy": 0.5285510349750179,
    "vocabulary_size": 1975
  },
  "n=4": {
    "perplexity": 20.500677761987582,
    "perplexity_no_punctuation": 84.35431468540612,
    "accuracy": 0.5192719486081371,
    "vocabulary_size": 1975
  },
  "n=5": {
    "perplexity": 22.391188764010952,
    "perplexity_no_punctuation": 90.59417451237674,
    "accuracy": 0.5199857244825125,
    "vocabulary_size": 1975
  },
  "n=6": {
    "perplexity": 25.97498170392377,
    "perplexity_no_punctuation": 106.65350013211717,
    "accuracy": 0.4982155603140614,
    "vocabulary_size": 1975
  },
  "n=7": {
    "perplexity": 28.223872000171482,
    "perplexity_no_punctuation": 115.58517243804413,
    "accuracy": 0.4842969307637402,
    "vocabulary_size": 1975
  }
}